Name,Size,Timings,Owner,Rent,Location,City,State
Isaiah's Pan Shop,74,11:00 - 21:00,Kala Mody,11914,"H.No. 75, Chandran Chowk",Howrah,West Bengal
Charita's Pan Shop,88,8:00 - 22:00,Vedhika Kumar,5962,"H.No. 729
Chander Zila",Howrah,West Bengal
Maanas's Pan Shop,93,10:00 - 20:00,Ishani Pant,2797,"86/36
Iyer Zila",Mumbai,Maharashtra
Isaac's Pan Shop,87,10:00 - 22:00,Gagan Konda,4654,"H.No. 940
Dada",Lucknow,Uttar Pradesh
Yagnesh's Pan Shop,81,8:00 - 23:00,Nitara Goel,9203,"46/27
Cherian Zila",New Delhi,Delhi
Advika's Pan Shop,106,11:00 - 21:00,Hredhaan Oommen,8142,"H.No. 37, Viswanathan Nagar",Lucknow,Uttar Pradesh
Jeevika's Pan Shop,71,10:00 - 22:00,Raksha Patla,6654,"23/77
Khosla Marg",Kolkata,West Bengal
Finn's Pan Shop,117,8:00 - 21:00,Frederick Raj,4341,"H.No. 851
Swaminathan Chowk",Pune,Maharashtra
Ayushman's Pan Shop,134,10:00 - 22:00,Chakradhar Karpe,8515,"843, Dass Zila",Coimbatore,Tamil Nadu
Kashish's Pan Shop,136,11:00 - 21:00,Janani Patil,7724,"H.No. 570
Datta Street",Bengaluru,Karnataka
Zayan's Pan Shop,80,11:00 - 21:00,Daniel Chaudhry,11281,"H.No. 23
Dugar Path",Kanpur,Uttar Pradesh
Daksha's Pan Shop,94,7:00 - 21:00,Amruta Seshadri,2828,"25, Kurian",New Delhi,Delhi
Chaaya's Pan Shop,70,11:00 - 20:00,Isaac Dhingra,7335,"80/427, Babu Zila",Lucknow,Uttar Pradesh
Barkha's Pan Shop,150,11:00 - 20:00,Wishi Varma,11210,"97/896, Char Marg",Chennai,Tamil Nadu
Wishi's Pan Shop,90,11:00 - 23:00,Mason Pathak,4965,"85, Dasgupta Ganj",New Delhi,Delhi
Amruta's Pan Shop,82,7:00 - 21:00,Abdul Thakkar,10689,"794
Vig Path",Bengaluru,Karnataka
Daksh's Pan Shop,65,7:00 - 23:00,Laksh Dara,2650,"78/656, Gaba Road",Kanpur,Uttar Pradesh
Maya's Pan Shop,89,9:00 - 21:00,Vivaan Mangal,7944,"H.No. 42
Gulati Nagar",Mumbai,Maharashtra
Zayyan's Pan Shop,89,7:00 - 22:00,Charvi Kala,9239,"368, Raman Ganj",Howrah,West Bengal
Ekbal's Pan Shop,94,10:00 - 21:00,Maanas Ghosh,3616,"H.No. 13
Mangal Zila",Kolkata,West Bengal
Wakeeta's Pan Shop,75,10:00 - 23:00,Harsh Trivedi,7617,"068
Lanka Circle",Mysore,Karnataka
Kiaan's Pan Shop,87,7:00 - 22:00,Avni Sengupta,6638,"H.No. 56, Sridhar Chowk",New Delhi,Delhi
Jagat's Pan Shop,72,10:00 - 22:00,Laban Goswami,8463,"20/141, Mani Marg",Kolkata,West Bengal
Nathan's Pan Shop,51,8:00 - 22:00,Hemang Bassi,7885,"91
Shukla Chowk",Kolkata,West Bengal
Inaya's Pan Shop,140,8:00 - 23:00,Chaaya Prabhu,3758,"31/94
Kothari Street",Chennai,Tamil Nadu
Nathaniel's Pan Shop,137,11:00 - 23:00,Mason Prabhu,5154,"39/51
Korpal Marg",New Delhi,Delhi
Krish's Pan Shop,51,10:00 - 23:00,Zashil Krishnamurthy,4617,"96/248, Narula Ganj",Coimbatore,Tamil Nadu
Oni's Pan Shop,90,11:00 - 20:00,Chasmum Dey,9607,"02/52, Chacko Marg",Pune,Maharashtra
Gauri's Pan Shop,119,11:00 - 21:00,Prisha Khatri,4158,"H.No. 42
Rege",New Delhi,Delhi
Isaac's Pan Shop,147,9:00 - 21:00,Timothy Kalla,4404,"H.No. 28, Mukherjee Nagar",Coimbatore,Tamil Nadu
Vincent's Pan Shop,148,11:00 - 20:00,Rachita Oak,11764,"H.No. 08, Gupta Chowk",New Delhi,Delhi
Neelima's Pan Shop,146,8:00 - 21:00,Ridhi Bera,4799,"125
Pingle Road",Kolkata,West Bengal
Ati's Pan Shop,91,9:00 - 23:00,Deepa Mani,3878,"18
Bahri Road",Kolkata,West Bengal
Samarth's Pan Shop,125,10:00 - 22:00,Parth Naidu,10168,"07/74
Mutti Ganj",Chennai,Tamil Nadu
Dipta's Pan Shop,93,7:00 - 23:00,Leena Garde,4827,"75/98
Luthra Zila",New Delhi,Delhi
Yamini's Pan Shop,124,11:00 - 23:00,Hritik Chokshi,6663,"H.No. 66, Varughese Chowk",Chennai,Tamil Nadu
Onkar's Pan Shop,57,11:00 - 20:00,Gautami Rout,6684,"02
Mitra Chowk",Chennai,Tamil Nadu
Manya's Pan Shop,98,10:00 - 20:00,Urishilla Biswas,11333,"03/25
Madan Road",Bengaluru,Karnataka
Warhi's Pan Shop,107,10:00 - 23:00,Rachit Padmanabhan,10605,"92
Puri Marg",Kolkata,West Bengal
Udant's Pan Shop,89,10:00 - 23:00,Netra Manda,11203,"02, Thakur Chowk",Mumbai,Maharashtra
Triya's Pan Shop,50,9:00 - 22:00,Ishani Srinivas,10506,"081, Basak Street",Howrah,West Bengal
Ridhi's Pan Shop,97,11:00 - 23:00,Parth Din,10021,"04/029, Saha Road",Bengaluru,Karnataka
Damini's Pan Shop,99,9:00 - 23:00,Hredhaan Sawhney,3931,"458, Rajagopal Ganj",New Delhi,Delhi
Amruta's Pan Shop,141,9:00 - 21:00,Yauvani Swaminathan,3922,"03/49, Maharaj Circle",Coimbatore,Tamil Nadu
Luke's Pan Shop,127,10:00 - 20:00,Ekapad Choudhry,3118,"23/670, Pant Chowk",Coimbatore,Tamil Nadu
Michael's Pan Shop,64,11:00 - 20:00,Chatura Dhingra,5613,"H.No. 847, Mital Road",Kolkata,West Bengal
Nicholas's Pan Shop,108,9:00 - 22:00,Ekansh Ramaswamy,7606,"H.No. 02, Chana Zila",Bengaluru,Karnataka
Triveni's Pan Shop,123,11:00 - 20:00,Qarin Kala,9649,"75
Lad Nagar",Kanpur,Uttar Pradesh
Saksham's Pan Shop,136,9:00 - 23:00,Indali Bhat,7771,"13
Chander",Bengaluru,Karnataka
Lakshit's Pan Shop,102,8:00 - 20:00,Caleb Desai,5532,"28
Nayak Zila",Howrah,West Bengal
Vaishnavi's Pan Shop,137,11:00 - 22:00,Orinder Patil,4830,"H.No. 08
Sampath Marg",Lucknow,Uttar Pradesh
Faras's Pan Shop,110,9:00 - 22:00,Reva Mandal,5267,"359
Nagarajan Path",Mumbai,Maharashtra
Gaurav's Pan Shop,62,10:00 - 21:00,Aahana Venkataraman,2716,"H.No. 549
Gara Marg",Bengaluru,Karnataka
Praneel's Pan Shop,116,7:00 - 23:00,Balendra Pandey,6759,"02/83
Garde Zila",Kolkata,West Bengal
Falguni's Pan Shop,70,10:00 - 20:00,Chaitaly Narasimhan,4290,"038, Nagi",New Delhi,Delhi
Harish's Pan Shop,53,9:00 - 22:00,Siya Parsa,6916,"H.No. 326
Vala Path",Kanpur,Uttar Pradesh
Kiaan's Pan Shop,116,10:00 - 20:00,Priya Venkatesh,2937,"10, Sunder Chowk",Lucknow,Uttar Pradesh
Yachana's Pan Shop,74,11:00 - 21:00,Ryan Thaker,11267,"40, Doctor Street",New Delhi,Delhi
Maya's Pan Shop,128,7:00 - 20:00,Pavani Lata,10884,"500
Saini Nagar",New Delhi,Delhi
Zarna's Pan Shop,58,7:00 - 22:00,Advay Mannan,4899,"H.No. 001
Saha Ganj",Coimbatore,Tamil Nadu
Balvan's Pan Shop,88,8:00 - 21:00,Krisha Lad,2762,"H.No. 73, Wali Marg",Kolkata,West Bengal
Zehaan's Pan Shop,75,9:00 - 20:00,Mahika Rout,9621,"91/16, Sheth Road",Mumbai,Maharashtra
Qabil's Pan Shop,120,9:00 - 22:00,Oeshi Acharya,7295,"H.No. 035, Saini Path",Pune,Maharashtra
Warinder's Pan Shop,143,11:00 - 23:00,Luke Chawla,5706,"928
Bir Ganj",Mumbai,Maharashtra
Varsha's Pan Shop,107,8:00 - 20:00,Kai Dugar,11549,"H.No. 42, Virk Zila",Kolkata,West Bengal
Wakeeta's Pan Shop,90,8:00 - 23:00,Samuel Prasad,11032,"411, Sekhon Marg",Kanpur,Uttar Pradesh
Robert's Pan Shop,97,7:00 - 20:00,Kiaan Bhardwaj,10292,"52/09, Raja",Lucknow,Uttar Pradesh
Sarthak's Pan Shop,96,11:00 - 22:00,Zarna Jani,9396,"48/520, Sachar Circle",Coimbatore,Tamil Nadu
Ranveer's Pan Shop,90,7:00 - 21:00,Zashil Sharaf,3114,"12/661, Tandon Marg",Pune,Maharashtra
Nathaniel's Pan Shop,134,8:00 - 22:00,Hritik Walla,11513,"35/930
Subramaniam Ganj",Coimbatore,Tamil Nadu
Owen's Pan Shop,72,7:00 - 22:00,Dayamai Chad,7286,"549
Palan Circle",Kolkata,West Bengal
Ekalinga's Pan Shop,109,7:00 - 22:00,Ishita Savant,5004,"008, Buch Path",Mumbai,Maharashtra
Lipika's Pan Shop,52,9:00 - 20:00,Praneel Dani,9964,"12/00
Khare Ganj",Kanpur,Uttar Pradesh
Eesha's Pan Shop,80,8:00 - 20:00,Neel De,9172,"H.No. 758
Pingle Zila",Mysore,Karnataka
Bakhshi's Pan Shop,115,10:00 - 22:00,Ekalinga Grover,5252,"H.No. 57, Golla Chowk",Mysore,Karnataka
Henry's Pan Shop,91,11:00 - 20:00,Karan Vora,8313,"84/661
Choudhury Path",Lucknow,Uttar Pradesh
Urvashi's Pan Shop,95,11:00 - 23:00,Megha Desai,3522,"86, Sha Ganj",Mysore,Karnataka
Samar's Pan Shop,124,11:00 - 23:00,Bakhshi Zachariah,7174,"87/569, Dhingra Marg",Kolkata,West Bengal
Bhavna's Pan Shop,70,11:00 - 23:00,Chatresh Lalla,3164,"17
Ram Zila",Lucknow,Uttar Pradesh
Zilmil's Pan Shop,105,10:00 - 23:00,Jagvi Desai,5727,"76/17, Varty Zila",New Delhi,Delhi
Jasmit's Pan Shop,100,7:00 - 21:00,Adya Sant,5755,"457
Karnik Marg",Lucknow,Uttar Pradesh
Triveni's Pan Shop,139,11:00 - 20:00,Tarak Chowdhury,9641,"99/29
Sant Zila",New Delhi,Delhi
Aarnav's Pan Shop,52,11:00 - 20:00,Ayaan Yohannan,5050,"550, Sethi",New Delhi,Delhi
Joshua's Pan Shop,76,11:00 - 20:00,Lajita Sinha,8441,"H.No. 21
Sachar Road",Kanpur,Uttar Pradesh
Agastya's Pan Shop,76,8:00 - 20:00,Tripti Cheema,9848,"H.No. 925
Kota Nagar",Chennai,Tamil Nadu
William's Pan Shop,145,7:00 - 22:00,Vritti Viswanathan,6121,"83/52
Balan Circle",Mumbai,Maharashtra
Wyatt's Pan Shop,80,9:00 - 21:00,Aadi Yadav,10793,"20
Tara Zila",Kanpur,Uttar Pradesh
Ganga's Pan Shop,88,9:00 - 22:00,Robert Ganesan,9262,"80/095, Venkatesh Path",Bengaluru,Karnataka
Anmol's Pan Shop,73,11:00 - 21:00,Lopa Kale,11054,"575
Kuruvilla Street",Bengaluru,Karnataka
Tamanna's Pan Shop,126,11:00 - 22:00,Sudiksha Bahl,3062,"74/61
Thakur Ganj",Coimbatore,Tamil Nadu
Rachana's Pan Shop,106,9:00 - 22:00,Aarush Hegde,10138,"99/56, Palla Road",Pune,Maharashtra
Vyanjana's Pan Shop,141,11:00 - 21:00,Oliver Mannan,8034,"91/89, Kaul Ganj",Kolkata,West Bengal
Jairaj's Pan Shop,137,10:00 - 22:00,Warhi De,7521,"015, Lata Street",New Delhi,Delhi
Lavanya's Pan Shop,71,7:00 - 20:00,Indrajit Ganesh,3708,"H.No. 57
Buch Zila",Mysore,Karnataka
Harish's Pan Shop,113,10:00 - 20:00,Parth Ramesh,8848,"13, Sankar Road",Mumbai,Maharashtra
Vyanjana's Pan Shop,145,8:00 - 23:00,Rajeshri Loyal,5841,"64, Naik Circle",Bengaluru,Karnataka
Bimala's Pan Shop,117,8:00 - 21:00,Shravya Saini,2613,"14/430, Golla Nagar",Chennai,Tamil Nadu
Charita's Pan Shop,147,10:00 - 20:00,Chameli Krishnan,11753,"H.No. 31, Lala Ganj",Kolkata,West Bengal
Rohan's Pan Shop,127,9:00 - 22:00,Kritika Goswami,3889,"04/82
Pal Marg",Pune,Maharashtra
Gaurangi's Pan Shop,62,9:00 - 20:00,Frado Ramesh,4611,"87/00, Palan Circle",Kanpur,Uttar Pradesh
Ekanta's Pan Shop,81,9:00 - 20:00,Yagnesh Kata,10724,"003
Mangat Street",Coimbatore,Tamil Nadu
Quincy's Pan Shop,147,10:00 - 23:00,Tristan Kumar,2664,"H.No. 543
Garde Path",New Delhi,Delhi
Vedhika's Pan Shop,121,8:00 - 21:00,Falguni Bhandari,10990,"57
Loyal Marg",Howrah,West Bengal
Jason's Pan Shop,115,10:00 - 22:00,Anya Bail,2683,"104
Buch Street",Bengaluru,Karnataka
Bhavya's Pan Shop,118,9:00 - 22:00,Liam Bassi,9379,"92/118, Hans Marg",Pune,Maharashtra
Veda's Pan Shop,114,11:00 - 20:00,Daniel Bhargava,4959,"667
Edwin Street",New Delhi,Delhi
Neel's Pan Shop,64,9:00 - 20:00,Netra Khare,4473,"H.No. 09, Mital Road",Chennai,Tamil Nadu
William's Pan Shop,142,7:00 - 20:00,Dayita Vohra,7657,"H.No. 36, Zacharia Zila",Chennai,Tamil Nadu
Rehaan's Pan Shop,83,9:00 - 22:00,Zinal Soni,4374,"H.No. 437
Badal Ganj",Mumbai,Maharashtra
Zayan's Pan Shop,148,8:00 - 23:00,Gautami Tata,8672,"20/359, Behl Road",Kolkata,West Bengal
Chameli's Pan Shop,50,11:00 - 23:00,Upma Pingle,8757,"H.No. 582
Chandra Circle",Howrah,West Bengal
Bhavna's Pan Shop,76,9:00 - 21:00,Rachana Chakraborty,9818,"14, Prabhu Street",New Delhi,Delhi
Advaith's Pan Shop,112,10:00 - 21:00,Bachittar Dhar,7137,"H.No. 19, Narayanan Chowk",Howrah,West Bengal
Sara's Pan Shop,130,9:00 - 20:00,Jalsa Dugar,8713,"24/25
Bedi Marg",Coimbatore,Tamil Nadu
Tanveer's Pan Shop,149,11:00 - 22:00,Qadim Nanda,10672,"50
Vora Chowk",Howrah,West Bengal
Aarna's Pan Shop,136,9:00 - 20:00,Aahana Deshpande,3780,"867
Choudhary",Pune,Maharashtra
Yash's Pan Shop,66,8:00 - 22:00,Triveni Wagle,11649,"25, Yogi Circle",Bengaluru,Karnataka
Hemani's Pan Shop,144,9:00 - 21:00,Abhimanyu Ben,6018,"66, Parsa Nagar",New Delhi,Delhi
Jeremiah's Pan Shop,58,11:00 - 22:00,Ijaya Chakrabarti,6748,"H.No. 34
Loyal Chowk",Lucknow,Uttar Pradesh
Amara's Pan Shop,74,8:00 - 22:00,Chandani Salvi,11596,"88/987, Raju Chowk",Kolkata,West Bengal
Radhika's Pan Shop,124,11:00 - 23:00,Ria Devan,5909,"79
Dey Marg",New Delhi,Delhi
Raagini's Pan Shop,94,11:00 - 23:00,Chanchal Dhar,5146,"211, Pau Ganj",New Delhi,Delhi
Omya's Pan Shop,64,10:00 - 21:00,Yashasvi Mander,11541,"H.No. 89, Kalita",Lucknow,Uttar Pradesh
Siddharth's Pan Shop,124,9:00 - 22:00,Bhavani Shukla,4248,"615
Varkey Street",New Delhi,Delhi
Sanya's Pan Shop,56,11:00 - 21:00,Vamakshi Jain,4702,"27/09
Bora Circle",Kanpur,Uttar Pradesh
Guneet's Pan Shop,80,7:00 - 21:00,Mekhala Dass,5220,"H.No. 845, Master Nagar",Coimbatore,Tamil Nadu
Aarini's Pan Shop,88,9:00 - 20:00,Indrajit Aggarwal,9352,"55
Madan Marg",Chennai,Tamil Nadu
Aradhana's Pan Shop,150,9:00 - 20:00,Zayyan Raghavan,9476,"H.No. 582, Kashyap Ganj",Chennai,Tamil Nadu
Ranveer's Pan Shop,132,10:00 - 23:00,Rayaan Goyal,10840,"80/63
Balakrishnan Nagar",Coimbatore,Tamil Nadu
Faqid's Pan Shop,123,10:00 - 23:00,Gauri Sama,2926,"33/108
Ganesan",Mumbai,Maharashtra
Madhavi's Pan Shop,71,9:00 - 23:00,Alexander Sandhu,11867,"H.No. 81
Baria Ganj",Coimbatore,Tamil Nadu
Abdul's Pan Shop,129,9:00 - 23:00,Ria Narain,10818,"14/57
Chokshi Marg",New Delhi,Delhi
Viraj's Pan Shop,140,9:00 - 21:00,Kritika Pillay,3667,"189, Bali Ganj",Mumbai,Maharashtra
Hredhaan's Pan Shop,57,11:00 - 21:00,Gauri Keer,8883,"H.No. 226, Natt Road",Pune,Maharashtra
Edhitha's Pan Shop,55,11:00 - 20:00,Tripti Basu,5183,"H.No. 29
Dhingra Nagar",Bengaluru,Karnataka
Hemani's Pan Shop,125,10:00 - 20:00,Atharv Ramakrishnan,10190,"66
Devan Zila",Kolkata,West Bengal
Jackson's Pan Shop,73,8:00 - 22:00,Ira Sehgal,11686,"H.No. 71, Loke Road",Kanpur,Uttar Pradesh
Manya's Pan Shop,142,11:00 - 22:00,Vanya Dube,9904,"357
Din Ganj",Pune,Maharashtra
Victor's Pan Shop,140,9:00 - 20:00,Dev Dada,4385,"46/494
Thaman Marg",Howrah,West Bengal
Yashica's Pan Shop,84,8:00 - 20:00,Quincy Lal,2682,"31, Nair Nagar",Lucknow,Uttar Pradesh
Yasti's Pan Shop,110,11:00 - 22:00,Bhavya Hari,3152,"H.No. 59
Goyal Street",Chennai,Tamil Nadu
Maya's Pan Shop,83,9:00 - 23:00,Jairaj Samra,2580,"H.No. 592
Kant Circle",Bengaluru,Karnataka
Leena's Pan Shop,70,10:00 - 23:00,Rohan Gade,6467,"H.No. 127, Subramanian Road",Pune,Maharashtra
Adya's Pan Shop,53,10:00 - 22:00,Veda Ravel,7187,"02, Jain Chowk",Pune,Maharashtra
Yauvani's Pan Shop,61,9:00 - 21:00,Suhani Swaminathan,6834,"H.No. 56
Barman Path",Bengaluru,Karnataka
Gayathri's Pan Shop,115,10:00 - 20:00,Balendra Wable,3041,"67/372, Parmer Chowk",Lucknow,Uttar Pradesh
Isaiah's Pan Shop,109,11:00 - 20:00,Agastya Dhar,8276,"H.No. 09
Saxena Ganj",Kolkata,West Bengal
Xavier's Pan Shop,62,7:00 - 23:00,Ekanta Devan,11288,"23
Mammen Nagar",Lucknow,Uttar Pradesh
Naveen's Pan Shop,108,9:00 - 22:00,Samarth Badami,7153,"43/832, Parmar",New Delhi,Delhi
Vidhi's Pan Shop,130,10:00 - 21:00,Onkar Saini,2678,"77
Prabhakar Chowk",Bengaluru,Karnataka
Quincy's Pan Shop,77,8:00 - 20:00,Vasana Lall,10797,"H.No. 92, Goel Path",Lucknow,Uttar Pradesh
Orinder's Pan Shop,122,7:00 - 23:00,Harita Kala,3182,"H.No. 582, Maharaj",Pune,Maharashtra
Mekhala's Pan Shop,110,7:00 - 21:00,Falan Mall,11657,"H.No. 124, Yadav",New Delhi,Delhi
Tamanna's Pan Shop,146,8:00 - 21:00,Henry Nori,7471,"901
Nigam Road",Bengaluru,Karnataka
Daksha's Pan Shop,117,7:00 - 23:00,Zansi Kata,8038,"H.No. 35
Bora Nagar",Coimbatore,Tamil Nadu
Atharv's Pan Shop,123,10:00 - 22:00,Abhimanyu Batra,2642,"657, Gokhale Zila",Lucknow,Uttar Pradesh
Vrinda's Pan Shop,88,8:00 - 22:00,Bina Banerjee,8330,"74/678, Reddy Road",Chennai,Tamil Nadu
Kritika's Pan Shop,114,9:00 - 22:00,Lipika Venkatesh,11700,"62
Tara Chowk",Kanpur,Uttar Pradesh
Robert's Pan Shop,92,11:00 - 22:00,Nakul Wagle,7685,"82/77
Sawhney Zila",Chennai,Tamil Nadu
Vidhi's Pan Shop,94,7:00 - 23:00,Arin Khare,8960,"75/426
Ram",Kanpur,Uttar Pradesh
Osha's Pan Shop,118,7:00 - 22:00,Suhani Sekhon,3836,"H.No. 97
Narain Chowk",Pune,Maharashtra
Andrew's Pan Shop,123,11:00 - 22:00,Meera Malhotra,11399,"62/85, Patla Road",Kolkata,West Bengal
Tanmayi's Pan Shop,79,11:00 - 20:00,Shivani Sastry,7474,"H.No. 286, Vasa Chowk",Mumbai,Maharashtra
Avni's Pan Shop,92,8:00 - 20:00,Manbir Chatterjee,5487,"96
Patel Nagar",New Delhi,Delhi
Aarna's Pan Shop,82,10:00 - 23:00,Charan Pau,3622,"43/597, Bajaj Ganj",Mysore,Karnataka
Leela's Pan Shop,117,9:00 - 22:00,Omya Chand,5538,"140
Dutt Marg",New Delhi,Delhi
Umang's Pan Shop,71,7:00 - 21:00,Qarin Deshpande,5384,"990
Saini Chowk",Mysore,Karnataka
Karan's Pan Shop,92,7:00 - 23:00,Timothy Narang,5921,"927
Narula Zila",Chennai,Tamil Nadu
Vasudha's Pan Shop,121,10:00 - 21:00,Anika Kala,5142,"89/07
Chaudhuri Circle",Pune,Maharashtra
Deepa's Pan Shop,140,9:00 - 20:00,Aradhana Chokshi,11361,"H.No. 76
Shroff Ganj",Howrah,West Bengal
Udarsh's Pan Shop,101,7:00 - 22:00,Udyati Mani,8186,"H.No. 68, Jani Path",Mysore,Karnataka
Krishna's Pan Shop,146,7:00 - 22:00,Brijesh Bala,6934,"60/91
Devi Road",Bengaluru,Karnataka
Aradhana's Pan Shop,149,7:00 - 21:00,Aarini Lall,10755,"H.No. 58, Sule Nagar",New Delhi,Delhi
Banjeet's Pan Shop,91,9:00 - 22:00,Joshua More,9451,"96/53
Bala Circle",Kanpur,Uttar Pradesh
Nandini's Pan Shop,82,10:00 - 22:00,Chaitanya Korpal,3176,"H.No. 05, Raja Path",Kanpur,Uttar Pradesh
Upkaar's Pan Shop,150,10:00 - 21:00,Indali Yohannan,5930,"H.No. 16, Mani Street",Mumbai,Maharashtra
Bahadurjit's Pan Shop,116,10:00 - 21:00,Yachana Thakkar,3184,"H.No. 18, Malhotra Ganj",Mysore,Karnataka
Viraj's Pan Shop,123,8:00 - 20:00,Neelima Natarajan,7196,"H.No. 933, Nayar Ganj",Lucknow,Uttar Pradesh
Max's Pan Shop,101,9:00 - 21:00,Brijesh Dugar,3163,"144
Verma Road",New Delhi,Delhi
Meghana's Pan Shop,82,10:00 - 21:00,Hredhaan Sachar,11969,"H.No. 38, Wali Marg",New Delhi,Delhi
Tanvi's Pan Shop,86,11:00 - 21:00,Timothy Dey,9336,"77
Nazareth Ganj",Mysore,Karnataka
Nandini's Pan Shop,110,7:00 - 22:00,Henry Tailor,10411,"04/009
Brar Zila",Mysore,Karnataka
Manthan's Pan Shop,138,7:00 - 20:00,Umang Khare,6421,"892
Raja Path",Pune,Maharashtra
Jonathan's Pan Shop,55,9:00 - 22:00,Daniel Kant,4435,"H.No. 26, Agarwal Street",Howrah,West Bengal
Janya's Pan Shop,56,11:00 - 22:00,Tarak Choudhary,10123,"90/02
Sagar Path",New Delhi,Delhi
Faqid's Pan Shop,133,9:00 - 21:00,Jonathan Chakraborty,7993,"813, Handa Street",New Delhi,Delhi
Orinder's Pan Shop,105,11:00 - 20:00,Peter Sule,11481,"60/130
Gour Path",New Delhi,Delhi
Tripti's Pan Shop,114,11:00 - 22:00,Tara Oommen,3974,"H.No. 67, Patla Nagar",New Delhi,Delhi
Ojasvi's Pan Shop,107,9:00 - 20:00,Kala Keer,3233,"H.No. 58, Bhargava Nagar",Mumbai,Maharashtra
Pranav's Pan Shop,106,10:00 - 21:00,Nilima Dutt,9905,"H.No. 65
Nanda Chowk",Kolkata,West Bengal
Harrison's Pan Shop,75,8:00 - 21:00,Varsha Bawa,3810,"H.No. 268
Thakkar Circle",Mumbai,Maharashtra
Dalbir's Pan Shop,125,8:00 - 20:00,Zashil Raj,2659,"H.No. 538
Choudhry Chowk",Chennai,Tamil Nadu
Abha's Pan Shop,62,10:00 - 23:00,Edhitha Hegde,6427,"35
Bajaj Nagar",Mysore,Karnataka
Chatresh's Pan Shop,65,9:00 - 23:00,Indira Gera,9708,"46/40, Shankar Zila",Howrah,West Bengal
Yagnesh's Pan Shop,110,7:00 - 23:00,Chanchal Master,5296,"77/025, Bains Ganj",New Delhi,Delhi
Baljiwan's Pan Shop,107,7:00 - 23:00,Zaid Edwin,6631,"15/60, Kanda Street",Bengaluru,Karnataka
Matthew's Pan Shop,129,8:00 - 22:00,Riya Devi,7283,"43, Varkey",New Delhi,Delhi
Ganga's Pan Shop,82,8:00 - 21:00,Zayan Reddy,4036,"48, Johal Path",Howrah,West Bengal
Tejas's Pan Shop,76,9:00 - 23:00,Bhavya Suresh,9339,"H.No. 58
Lall Zila",Kolkata,West Bengal
Qabil's Pan Shop,66,8:00 - 22:00,Bhavani Raval,11929,"H.No. 562
Sem Road",Mysore,Karnataka
Upma's Pan Shop,124,10:00 - 21:00,Jackson Handa,2526,"00
Mohan Path",Lucknow,Uttar Pradesh
Ikshita's Pan Shop,148,7:00 - 23:00,Dhriti Thakkar,2625,"H.No. 006, Solanki Street",Kanpur,Uttar Pradesh
Harini's Pan Shop,102,7:00 - 20:00,Maya Narasimhan,11146,"H.No. 80
Shetty Street",Mumbai,Maharashtra
Ekavir's Pan Shop,120,11:00 - 20:00,Yatin Raghavan,4447,"09
Chokshi Marg",Mysore,Karnataka
Ikbal's Pan Shop,55,9:00 - 23:00,Abha Sengupta,8438,"16/850, Muni Marg",New Delhi,Delhi
Anirudh's Pan Shop,136,9:00 - 23:00,Chakradev Arora,11548,"H.No. 44
Dube Chowk",Coimbatore,Tamil Nadu
Qabil's Pan Shop,66,10:00 - 22:00,Vedhika Prakash,5745,"H.No. 46
Gokhale Circle",Coimbatore,Tamil Nadu
Balhaar's Pan Shop,143,11:00 - 20:00,Pahal Yohannan,5293,"20, Gokhale Road",Chennai,Tamil Nadu
Samesh's Pan Shop,98,7:00 - 22:00,Ekbal Nagarajan,8595,"H.No. 278, Parikh Nagar",New Delhi,Delhi
Janya's Pan Shop,142,8:00 - 23:00,Nihal Naidu,4023,"H.No. 314, Kanda Nagar",Mysore,Karnataka
Frederick's Pan Shop,72,8:00 - 22:00,Anita Choudhary,9782,"H.No. 677, Raj Chowk",Lucknow,Uttar Pradesh
Ishani's Pan Shop,99,8:00 - 21:00,Eta Varma,4404,"96
Palla Chowk",Bengaluru,Karnataka
Abdul's Pan Shop,56,7:00 - 20:00,Kevin Rattan,10073,"31/56, Rastogi Zila",Bengaluru,Karnataka
Advika's Pan Shop,81,9:00 - 23:00,Gaurika Boase,6226,"290, Dyal Road",Mysore,Karnataka
Rudra's Pan Shop,96,7:00 - 23:00,Raksha Sangha,7197,"24/39
Krishnan Nagar",Howrah,West Bengal
Falan's Pan Shop,63,8:00 - 21:00,Adweta Mand,5842,"74/03, Chaudhry Path",Bengaluru,Karnataka
Neha's Pan Shop,118,10:00 - 20:00,Gaurangi Tak,10281,"81/506, Pillai Road",Mumbai,Maharashtra
Kashvi's Pan Shop,121,8:00 - 21:00,Samar Dhar,5484,"41/354
Patil Ganj",Mysore,Karnataka
Xiti's Pan Shop,97,10:00 - 22:00,Sanaya Sane,3435,"601, Puri Zila",Mysore,Karnataka
Faraj's Pan Shop,118,9:00 - 21:00,Bhavani Anand,4713,"56/203, Anne Road",Coimbatore,Tamil Nadu
Abha's Pan Shop,108,7:00 - 22:00,Maanas Ram,11057,"61, Sundaram Street",Coimbatore,Tamil Nadu
Chameli's Pan Shop,134,9:00 - 20:00,Forum Gara,3897,"84/38, Puri Nagar",Coimbatore,Tamil Nadu
Laksh's Pan Shop,123,9:00 - 22:00,Janaki Walia,11904,"96/310, Bandi Road",Howrah,West Bengal
Siya's Pan Shop,96,9:00 - 22:00,Raghav Trivedi,7883,"41, Wason",Coimbatore,Tamil Nadu
Yasti's Pan Shop,109,7:00 - 22:00,Qasim Sami,4766,"95/678
Walia Nagar",Kanpur,Uttar Pradesh
Tanmayi's Pan Shop,109,7:00 - 22:00,Charan Solanki,5215,"04/92, Wali Nagar",New Delhi,Delhi
Aashi's Pan Shop,71,8:00 - 21:00,Vedant Tata,7532,"00/16, Devi Zila",Mumbai,Maharashtra
Yashawini's Pan Shop,52,10:00 - 20:00,Bishakha Khalsa,9020,"760
Nayar",Mumbai,Maharashtra
Nandini's Pan Shop,134,7:00 - 21:00,Prisha Gaba,10744,"58
Chandran Chowk",Bengaluru,Karnataka
Yatin's Pan Shop,77,9:00 - 20:00,Orinder Yohannan,8086,"93/87, Chaudhuri Street",New Delhi,Delhi
Radhika's Pan Shop,50,9:00 - 21:00,Xalak Chad,11465,"486, Bose Circle",Mumbai,Maharashtra
Indira's Pan Shop,112,10:00 - 23:00,Darsh Sawhney,7484,"H.No. 29, Bobal Marg",Lucknow,Uttar Pradesh
Urvashi's Pan Shop,105,7:00 - 23:00,Anita Das,9801,"55
Nazareth Street",Kolkata,West Bengal
Joshua's Pan Shop,131,9:00 - 23:00,Nikita Cheema,4931,"35/79, Bhandari Chowk",New Delhi,Delhi
Hemal's Pan Shop,134,8:00 - 23:00,Gaurangi Kale,8242,"247, Uppal Circle",Chennai,Tamil Nadu
Ojasvi's Pan Shop,145,7:00 - 22:00,Timothy Warrior,9697,"H.No. 970, Raja Road",Bengaluru,Karnataka
Jeevika's Pan Shop,63,7:00 - 23:00,Finn Sood,11042,"H.No. 35
Roy Road",Howrah,West Bengal
Vaishnavi's Pan Shop,92,10:00 - 20:00,Lohit Narain,8621,"87/508
Kala Marg",Lucknow,Uttar Pradesh
Falan's Pan Shop,78,7:00 - 23:00,Maya Oak,5633,"H.No. 07, Bali Zila",Kanpur,Uttar Pradesh
Ridhi's Pan Shop,131,7:00 - 21:00,Yug Vala,10351,"42/063, Nayak Path",New Delhi,Delhi
Faras's Pan Shop,90,7:00 - 21:00,Gabriel Grewal,11308,"H.No. 44
Khalsa Road",Howrah,West Bengal
Sudiksha's Pan Shop,144,8:00 - 23:00,Omya Dubey,3948,"35/37
Desai",Pune,Maharashtra
Ayushman's Pan Shop,136,9:00 - 23:00,Tanish Gera,7510,"65
Raju Chowk",Coimbatore,Tamil Nadu
Arin's Pan Shop,109,7:00 - 21:00,Aryan Dua,3657,"87/091
Chander Chowk",Coimbatore,Tamil Nadu
Hredhaan's Pan Shop,67,9:00 - 22:00,Ucchal Iyengar,8619,"H.No. 816
Dhar Marg",New Delhi,Delhi
Nilima's Pan Shop,75,9:00 - 23:00,Vrishti Rajagopalan,4732,"H.No. 205
Sahni Zila",Chennai,Tamil Nadu
Ekavir's Pan Shop,97,10:00 - 21:00,Sathvik Goswami,4520,"H.No. 46
Ravi Circle",Lucknow,Uttar Pradesh
Faras's Pan Shop,135,8:00 - 20:00,Kai Gade,10795,"77
Dayal Marg",Pune,Maharashtra
Rachit's Pan Shop,127,11:00 - 23:00,Zaitra Bandi,3029,"H.No. 10
Thakur Street",Lucknow,Uttar Pradesh
Turvi's Pan Shop,53,7:00 - 20:00,Eesha Nagar,9611,"14
Chandran Circle",Chennai,Tamil Nadu
Samarth's Pan Shop,149,9:00 - 20:00,Raghav Kohli,4594,"65/92
Biswas",Chennai,Tamil Nadu
Ekaja's Pan Shop,118,10:00 - 22:00,Krish Ramanathan,5975,"87/712, Sahni Ganj",Bengaluru,Karnataka
Harrison's Pan Shop,146,8:00 - 20:00,Harshil Dixit,4471,"H.No. 097, Sarna Path",Mumbai,Maharashtra
Raghav's Pan Shop,71,7:00 - 22:00,Pooja Chadha,6148,"887, Kari",New Delhi,Delhi
Ganga's Pan Shop,146,9:00 - 20:00,Daksh Chad,6570,"89, Iyer Ganj",Howrah,West Bengal
Yamini's Pan Shop,113,9:00 - 22:00,Falak Mohan,7236,"H.No. 54, Ravel Nagar",New Delhi,Delhi
Sneha's Pan Shop,111,10:00 - 23:00,Leela Sule,9462,"21
Lata Nagar",New Delhi,Delhi
Lekha's Pan Shop,54,8:00 - 20:00,Unni Bhargava,10918,"08
Kant Zila",New Delhi,Delhi
Jai's Pan Shop,126,9:00 - 22:00,Yauvani Dhillon,4671,"31, Varkey Ganj",Kolkata,West Bengal
Chanchal's Pan Shop,52,10:00 - 20:00,Onveer Ratti,6494,"H.No. 343, Mallick Street",Howrah,West Bengal
Damyanti's Pan Shop,111,11:00 - 21:00,Ekaja Shan,6349,"58, Kalla Road",Bengaluru,Karnataka
Yashoda's Pan Shop,144,10:00 - 21:00,Harinakshi Dubey,11840,"61/143, Shroff Zila",Lucknow,Uttar Pradesh
Jairaj's Pan Shop,145,9:00 - 22:00,Kiaan Munshi,5106,"45/523, Mukhopadhyay",Chennai,Tamil Nadu
Ladli's Pan Shop,102,11:00 - 20:00,Yuvraj Sampath,4033,"42
Pandit Zila",Coimbatore,Tamil Nadu
Damini's Pan Shop,91,8:00 - 20:00,Wriddhish Palla,5776,"433, Mitra Marg",Howrah,West Bengal
Mahika's Pan Shop,124,7:00 - 21:00,Logan Viswanathan,11766,"654, Chaudhari Street",Pune,Maharashtra
Mitali's Pan Shop,132,10:00 - 22:00,Isha Sawhney,7697,"55/15
Tailor Ganj",New Delhi,Delhi
Yochana's Pan Shop,92,8:00 - 23:00,Niharika Baral,4510,"96/02, Hayre",Coimbatore,Tamil Nadu
Onveer's Pan Shop,147,7:00 - 20:00,Baljiwan Dayal,2843,"H.No. 585, Sridhar Circle",Kolkata,West Bengal
Ekavir's Pan Shop,82,10:00 - 20:00,Indrajit Gola,3920,"67/48
Doshi Marg",Lucknow,Uttar Pradesh
Ranveer's Pan Shop,148,7:00 - 21:00,Jacob Venkatesh,8088,"843, Deshpande Marg",Bengaluru,Karnataka
Baghyawati's Pan Shop,102,11:00 - 20:00,Udant Trivedi,8088,"82
Johal Chowk",Mumbai,Maharashtra
Raagini's Pan Shop,132,11:00 - 22:00,Veer Bali,3119,"H.No. 970
Mani Nagar",Mysore,Karnataka
Aarush's Pan Shop,93,8:00 - 23:00,Jeet Pau,4812,"H.No. 357
Master Street",Coimbatore,Tamil Nadu
Jasmit's Pan Shop,106,8:00 - 20:00,Omisha Savant,9548,"64/457, Bhargava",Coimbatore,Tamil Nadu
Devika's Pan Shop,129,9:00 - 22:00,Ekaja Mahajan,5152,"14/05
Tripathi",Mumbai,Maharashtra
Frado's Pan Shop,71,10:00 - 20:00,Zinal Chana,9443,"38/61
Ghose Circle",Pune,Maharashtra
Anamika's Pan Shop,133,11:00 - 23:00,Devika Sodhi,11500,"20/87, Kalita Nagar",Mysore,Karnataka
Oliver's Pan Shop,137,11:00 - 21:00,Inaya Deol,10997,"287, Bhat Street",Chennai,Tamil Nadu
Sanaya's Pan Shop,137,10:00 - 20:00,Chasmum Lad,3477,"35, Raja Marg",Mumbai,Maharashtra
Kamya's Pan Shop,88,9:00 - 22:00,Devansh Balasubramanian,6172,"150, Krishnamurthy Ganj",Pune,Maharashtra
Chaaya's Pan Shop,69,7:00 - 23:00,Samarth Sundaram,3200,"46/61, Kulkarni Road",Pune,Maharashtra
Pallavi's Pan Shop,67,7:00 - 23:00,Onkar Patil,5632,"20/29, Ratta Marg",Lucknow,Uttar Pradesh
Qabil's Pan Shop,70,11:00 - 23:00,Gaurangi Jani,5899,"44
Thaman Chowk",Bengaluru,Karnataka
Manbir's Pan Shop,121,11:00 - 22:00,Prisha Prashad,5929,"H.No. 74
Madan Marg",New Delhi,Delhi
Bhavna's Pan Shop,130,8:00 - 21:00,Ayush Grewal,9812,"67
Dixit Nagar",Chennai,Tamil Nadu
Harsh's Pan Shop,61,9:00 - 20:00,Aashi Chaudhry,11880,"15, Arya Ganj",New Delhi,Delhi
Adweta's Pan Shop,131,11:00 - 23:00,Atharv Sridhar,5557,"H.No. 001, Patil Path",Mysore,Karnataka
Pahal's Pan Shop,140,8:00 - 21:00,Ansh Ramakrishnan,4044,"11/406
Pau Street",New Delhi,Delhi
Rushil's Pan Shop,131,9:00 - 22:00,Yug Lad,10928,"18
Khalsa",Mysore,Karnataka
Robert's Pan Shop,105,10:00 - 23:00,Veda Iyer,5110,"90/74
Bajwa Circle",Chennai,Tamil Nadu
Noah's Pan Shop,51,11:00 - 20:00,Forum Pall,4162,"H.No. 291, Chandran Path",Chennai,Tamil Nadu
Yashica's Pan Shop,114,11:00 - 23:00,Vasatika Sur,11088,"H.No. 257, Iyengar Circle",Kanpur,Uttar Pradesh
Jhalak's Pan Shop,105,9:00 - 20:00,Krish Bajaj,10576,"H.No. 44
Grover Circle",Chennai,Tamil Nadu
Jagrati's Pan Shop,73,8:00 - 21:00,Kamala Doshi,4040,"H.No. 357, Rastogi",Pune,Maharashtra
Xavier's Pan Shop,115,8:00 - 23:00,Zilmil Dara,8411,"H.No. 16, Patla Path",Pune,Maharashtra
Owen's Pan Shop,101,7:00 - 22:00,Kevin Natt,8893,"71/01, Warrior Circle",Chennai,Tamil Nadu
Rushil's Pan Shop,123,11:00 - 23:00,Kabir Dalal,10537,"H.No. 16
Balay Circle",Mumbai,Maharashtra
Christopher's Pan Shop,93,11:00 - 21:00,Turvi Deol,7581,"H.No. 53
Nori Road",New Delhi,Delhi
Lakshmi's Pan Shop,90,9:00 - 22:00,Balvan Shere,7389,"H.No. 39, Gandhi Street",Kolkata,West Bengal
